<?xml version="1.0" encoding="UTF-8"?>
<project-private xmlns="http://www.netbeans.org/ns/project-private/1">
    <editor-bookmarks xmlns="http://www.netbeans.org/ns/editor-bookmarks/2" lastBookmarkId="0"/>
    <open-files xmlns="http://www.netbeans.org/ns/projectui-open-files/2">
        <group>
            <file>file:/C:/Users/rafyt/OneDrive/Escritorio/Programacion-y-Estructura-de-datos/Programacion/Examen/src/examen/Vigilante.java</file>
            <file>file:/C:/Users/rafyt/OneDrive/Escritorio/Programacion-y-Estructura-de-datos/Programacion/Examen/src/examen/Empresa.java</file>
            <file>file:/C:/Users/rafyt/OneDrive/Escritorio/Programacion-y-Estructura-de-datos/Programacion/Examen/src/examen/RegistroAcceso.java</file>
            <file>file:/C:/Users/rafyt/OneDrive/Escritorio/Programacion-y-Estructura-de-datos/Programacion/Examen/src/examen/Empleado.java</file>
        </group>
    </open-files>
</project-private>
