<?xml version="1.0" encoding="UTF-8"?>
<project-private xmlns="http://www.netbeans.org/ns/project-private/1">
    <editor-bookmarks xmlns="http://www.netbeans.org/ns/editor-bookmarks/2" lastBookmarkId="0"/>
    <open-files xmlns="http://www.netbeans.org/ns/projectui-open-files/2">
        <group>
            <file>file:/C:/Users/rafyt/OneDrive/Escritorio/Programacion-y-Estructura-de-datos/Netbeans/Practica2Estru/src/practica2estru/Pila.java</file>
            <file>file:/C:/Users/rafyt/OneDrive/Escritorio/Programacion-y-Estructura-de-datos/Netbeans/Practica2Estru/src/practica2estru/Practica2Estru.java</file>
            <file>file:/C:/Users/rafyt/OneDrive/Escritorio/Programacion-y-Estructura-de-datos/Netbeans/Practica2Estru/src/practica2estru/ListaDobleCircular.java</file>
            <file>file:/C:/Users/rafyt/OneDrive/Escritorio/Programacion-y-Estructura-de-datos/Netbeans/Practica2Estru/src/practica2estru/Cola.java</file>
        </group>
    </open-files>
</project-private>
